Workbook

Sheet ORDERS
A1: ORDER_ID | B1: ORDER_DATE | C1: CUSTOMER_ID | D1: PRODUCT_CATEGORY | E1: SALES | F1: QUANTITY | G1: PROFIT | H1: DISCOUNT
A2: 1 | B2: 46023 | C2: 101 | D2: Technology | E2: 15000 | F2: 2 | G2: 3000 | H2: 0.1
A3: 2 | B3: 46024 | C3: 102 | D3: Furniture | E3: 8500 | F3: 1 | G3: 1200 | H3: 0.05
A4: 3 | B4: 46025 | C4: 103 | D4: Office Supplies | E4: 2500 | F4: 5 | G4: 500 | H4: 0
A5: 4 | B5: 46026 | C5: 104 | D5: Technology | E5: 22000 | F5: 3 | G5: 4500 | H5: 0.15
A6: 5 | B6: 46027 | C6: 105 | D6: Furniture | E6: 12000 | F6: 2 | G6: 1800 | H6: 0.1
A7: 6 | B7: 46028 | C7: 106 | D7: Office Supplies | E7: 1800 | F7: 4 | G7: 350 | H7: 0.05
A8: 7 | B8: 46029 | C8: 107 | D8: Technology | E8: 18500 | F8: 2 | G8: 4000 | H8: 0.1
A9: 8 | B9: 46030 | C9: 108 | D9: Furniture | E9: 9500 | F9: 1 | G9: 1400 | H9: 0
A10: 9 | B10: 46031 | C10: 109 | D10: Office Supplies | E10: 3200 | F10: 6 | G10: 650 | H10: 0.05
A11: 10 | B11: 46032 | C11: 110 | D11: Technology | E11: 27500 | F11: 4 | G11: 5500 | H11: 0.15
A12: 11 | B12: 46033 | C12: 111 | D12: Furniture | E12: 14500 | F12: 3 | G12: 2200 | H12: 0.1
A13: 12 | B13: 46034 | C13: 112 | D13: Office Supplies | E13: 2100 | F13: 3 | G13: 420 | H13: 0
... A51: 50 | B51: 46073 | C51: 150 | D51: Furniture | E51: 18000 | F51: 4 | G51: 3000 | H51: 0.15

Sheet CUSTOMER
A1: CUSTOMER_ID | B1: CUSTOMER_NAME | C1: REGION | D1: SEGMENT
A2: 101 | B2: Aarav Sharma | C2: North | D2: Consumer
A3: 102 | B3: Priya Patel | C3: West | D3: Corporate
A4: 103 | B4: Rahul Verma | C4: South | D4: Small Business
A5: 104 | B5: Sneha Gupta | C5: East | D5: Consumer
A6: 105 | B6: Arjun Singh | C6: North | D6: Corporate
A7: 106 | B7: Ananya Desai | C7: West | D7: Consumer
A8: 107 | B8: Rohan Mehta | C8: South | D8: Small Business
A9: 108 | B9: Kavya Joshi | C9: East | D9: Corporate
A10: 109 | B10: Vikram Rao | C10: North | D10: Consumer
A11: 110 | B11: Ishita Shah | C11: West | D11: Small Business
A12: 111 | B12: Aditya Kumar | C12: South | D12: Corporate
A13: 112 | B13: Pooja Nair | C13: East | D13: Consumer
... A51: 150 | B51: Omkar Jadhav | C51: West | D51: Corporate

Sheet DERIVED TABLE
A1: CUSTOMER_ID | B1: REGION | C1: SEGMENT | D1: SALES
A2: 101 | B2: North | C2: Consumer | D2: 15000
A3: 102 | B3: West | C3: Corporate | D3: 8500
A4: 103 | B4: South | C4: Small Business | D4: 2500
A5: 104 | B5: East | C5: Consumer | D5: 22000
A6: 105 | B6: North | C6: Corporate | D6: 12000
A7: 106 | B7: West | C7: Consumer | D7: 1800
A8: 107 | B8: South | C8: Small Business | D8: 18500
A9: 108 | B9: East | C9: Corporate | D9: 9500
A10: 109 | B10: North | C10: Consumer | D10: 3200
A11: 110 | B11: West | C11: Small Business | D11: 27500
A12: 111 | B12: South | C12: Corporate | D12: 14500
A13: 112 | B13: East | C13: Consumer | D13: 2100
... A51: 150 | B51: West | C51: Corporate | D51: 18000

Sheet DERIVED TABLE 1
A1: CUSTOMER_ID | B1: PRODUCT_CATEGORY | C1: REGION | D1: PROFIT
A2: 101 | B2: Technology | C2: North | D2: 3000
A3: 102 | B3: Furniture | C3: West | D3: 1200
A4: 103 | B4: Office Supplies | C4: South | D4: 500
A5: 104 | B5: Technology | C5: East | D5: 4500
A6: 105 | B6: Furniture | C6: North | D6: 1800
A7: 106 | B7: Office Supplies | C7: West | D7: 350
A8: 107 | B8: Technology | C8: South | D8: 4000
A9: 108 | B9: Furniture | C9: East | D9: 1400
A10: 109 | B10: Office Supplies | C10: North | D10: 650
A11: 110 | B11: Technology | C11: West | D11: 5500
A12: 111 | B12: Furniture | C12: South | D12: 2200
A13: 112 | B13: Office Supplies | C13: East | D13: 420
... A51: 150 | B51: Furniture | C51: West | D51: 3000

Sheet DERIVED TABLE 2
A1: CUSTOMER_ID | B1: REGION | C1: SEGMENT | D1: SALES | E1: CUSTOMER_NAME
A2: 101 | B2: North | C2: Consumer | D2: 15000 | E2: =VLOOKUP(A2,CUSTOMER!A2:B51,2,0) -> Aarav Sharma
A3: 102 | B3: West | C3: Corporate | D3: 8500 | E3: =VLOOKUP(A3,CUSTOMER!A3:B52,2,0) -> Priya Patel
A4: 103 | B4: South | C4: Small Business | D4: 2500 | E4: =VLOOKUP(A4,CUSTOMER!A4:B53,2,0) -> Rahul Verma
A5: 104 | B5: East | C5: Consumer | D5: 22000 | E5: =VLOOKUP(A5,CUSTOMER!A5:B54,2,0) -> Sneha Gupta
A6: 105 | B6: North | C6: Corporate | D6: 12000 | E6: =VLOOKUP(A6,CUSTOMER!A6:B55,2,0) -> Arjun Singh
A7: 106 | B7: West | C7: Consumer | D7: 1800 | E7: =VLOOKUP(A7,CUSTOMER!A7:B56,2,0) -> Ananya Desai
A8: 107 | B8: South | C8: Small Business | D8: 18500 | E8: =VLOOKUP(A8,CUSTOMER!A8:B57,2,0) -> Rohan Mehta
A9: 108 | B9: East | C9: Corporate | D9: 9500 | E9: =VLOOKUP(A9,CUSTOMER!A9:B58,2,0) -> Kavya Joshi
A10: 109 | B10: North | C10: Consumer | D10: 3200 | E10: =VLOOKUP(A10,CUSTOMER!A10:B59,2,0) -> Vikram Rao
A11: 110 | B11: West | C11: Small Business | D11: 27500 | E11: =VLOOKUP(A11,CUSTOMER!A11:B60,2,0) -> Ishita Shah
A12: 111 | B12: South | C12: Corporate | D12: 14500 | E12: =VLOOKUP(A12,CUSTOMER!A12:B61,2,0) -> Aditya Kumar
A13: 112 | B13: East | C13: Consumer | D13: 2100 | E13: =VLOOKUP(A13,CUSTOMER!A13:B62,2,0) -> Pooja Nair
... A51: 150 | B51: West | C51: Corporate | D51: 18000 | E51: =VLOOKUP(A51,CUSTOMER!A51:B100,2,0) -> Omkar Jadhav

Sheet REPORT
B1: SALES BY REGION AND SEGMENT
A3: Sum of SALES | B3: Column Labels
A4: Region | B4: Consumer | C4: Corporate | D4: Small Business | E4: Grand Total
A5: East | B5: 33200 | C5: 55000 | D5: 68500 | E5: 156700
A6: North | B6: 26700 | C6: 53500 | D6: 115000 | E6: 195200
A7: South | B7: 10800 | C7: 45500 | D7: 105000 | E7: 161300
A8: West | B8: 11500 | C8: 69000 | D8: 107500 | E8: 188000
A9: Grand Total | B9: 82200 | C9: 223000 | D9: 396000 | E9: 701200
B11: PROFIT BY CATEGORY AND REGION
A13: Sum of PROFIT | B13: Column Labels
A14: Region | B14: Furniture | C14: Office Supplies | D14: Technology | E14: Grand Total
A15: East | B15: 8400 | C15: 2190 | D15: 19200 | E15: 29790
A16: North | B16: 8150 | C16: 2350 | D16: 28000 | E16: 38500
A17: South | B17: 6700 | C17: 2650 | D17: 22000 | E17: 31350
A18: West | B18: 10700 | C18: 2250 | D18: 22800 | E18: 35750
A19: Grand Total | B19: 33950 | C19: 9440 | D19: 92000 | E19: 135390
A20: MONTHLY SALES TREND
A22: Month | B22: Sum of SALES
A23: Jan | B23: 398600
A24: Feb | B24: 302600
A25: Grand Total | B25: 701200
A26: SALES | B26: (All)
A27: TOP 10 CUSTOMERS
A28: Customer Name | B28: Sum of SALES
A29: Dev Malhotra | B29: 35000
A30: Varsha Patil | B30: 34000
A31: Karan Malhotra | B31: 32000
A32: Komal Chavan | B32: 31000
A33: Tanvi Pawar | B33: 29000
A34: Avni Trivedi | B34: 28000
A35: Ishita Shah | B35: 27500
A36: Akash Thakur | B36: 26000
A37: Ira Mukherjee | B37: 25000
A38: Amit Choudhary | B38: 24000
A39: Grand Total | B39: 291500
